{
    "rmse": 0.692416679678668,
    "mae": 0.5288546051437887,
    "r2": 0.2951391260261996
}