{
    "rmse": 0.731335855999464,
    "mae": 0.5589613049195161,
    "r2": 0.1972703637653711
}